Distance function;Image size;Instance class;Instance;Optimal objective function value;Solution time [ms];IIO time [ms];Matryoshka time [ms];IIO step 2 basis changes;IIO iterations
OF1;512;CauchyDensity;01-05;3004554612145029;124183164;121625687;2557477;5550219;119958
OF1;512;CauchyDensity;01-06;2312225817189561;222378070;218818307;3559763;5191462;108316
OF1;512;CauchyDensity;01-07;3487498343699597;62526191;59477989;3048202;6944957;54576
OF1;512;CauchyDensity;01-09;2265406347539318;120319440;112456954;7862486;5349397;63069
OF1;512;CauchyDensity;02-01;5626035400718988;91432277;89080620;2351657;7623038;39347
OF1;512;CauchyDensity;02-05;3336599616819722;83313850;80450260;2863590;7461670;45430
OF1;512;CauchyDensity;02-06;5053148306822338;103563360;100778875;2784485;7724696;50183
OF1;512;CauchyDensity;02-07;3056002576882063;101315559;98651812;2663747;6818398;41131
OF1;512;CauchyDensity;02-09;6044634283025127;98020844;95540465;2480379;8475025;50296
OF1;512;CauchyDensity;03-01;3222378063541007;61293875;59190260;2103615;6718178;104959
OF1;512;CauchyDensity;03-02;5509266536852053;197190354;193302169;3888185;9491532;108872
OF1;512;CauchyDensity;03-04;3298960379725266;132666503;129817885;2848618;8165827;88718
OF1;512;CauchyDensity;03-05;2421185524363720;99788543;97360562;2427981;7789988;52757
OF1;512;CauchyDensity;03-06;1839388633175993;58554929;57202199;1352730;6367061;45072
OF1;512;CauchyDensity;03-07;3696368811930090;93481382;90709999;2771383;8699189;64944
OF1;512;CauchyDensity;03-09;1772277841223204;60329805;58673619;1656186;7356672;47206
OF1;512;CauchyDensity;03-10;1390433369528509;49333192;47828018;1505174;6061296;77498
OF1;512;CauchyDensity;04-01;3786857090281540;78003564;74770877;3232687;6030648;66665
OF1;512;CauchyDensity;04-02;2431934776686076;89405973;87288969;2117004;8424048;56545
OF1;512;CauchyDensity;04-05;1920791742374980;153650040;150962910;2687130;5693189;47087
OF1;512;CauchyDensity;04-06;2988329771347122;147160450;142669191;4491259;6213296;64863
OF1;512;CauchyDensity;04-07;2288753400368200;106612331;104180734;2431597;7876425;73169
OF1;512;CauchyDensity;04-09;3883655085250558;110024525;106976678;3047847;6620553;49155
OF1;512;CauchyDensity;04-10;2736536018204883;91943780;88553521;3390259;5835661;42256
OF1;512;CauchyDensity;05-06;2145131547395106;115674718;112733192;2941526;5500361;79237
OF1;512;CauchyDensity;05-07;1848313799347649;45449989;43808560;1641429;5249895;50764
OF1;512;CauchyDensity;05-09;2734394899229420;109959638;106838893;3120745;6439004;49276
OF1;512;CauchyDensity;07-06;2763187833622501;73466156;71264731;2201425;8738889;46576
OF1;512;CauchyDensity;08-01;2249263539146353;126845916;118679654;8166262;6247393;118871
OF1;512;CauchyDensity;08-02;5953685340253617;102195630;99223875;2971755;8782970;56282
OF1;512;CauchyDensity;08-03;1870745519573236;87993196;85776023;2217173;7755378;66032
OF1;512;CauchyDensity;08-04;3888359291718898;111548618;107527884;4020734;5390953;57760
OF1;512;CauchyDensity;08-05;2710596725832250;104116402;100803548;3312854;5855135;63316
OF1;512;CauchyDensity;08-06;1114042272377173;73445153;71108192;2336961;4972982;36346
OF1;512;CauchyDensity;08-07;3438048446901593;161548718;158166542;3382176;10084036;82167
OF1;512;CauchyDensity;08-09;493321916054033;29307951;27993406;1314545;4195099;18693
OF1;512;CauchyDensity;08-10;1278590184898602;97171106;94859635;2311471;5322940;36097
OF1;512;CauchyDensity;09-06;1169200814439063;55575832;53658355;1917477;6077773;41732
OF1;512;CauchyDensity;09-07;3694588820844304;156690502;153308813;3381689;9786843;95953
OF1;512;CauchyDensity;10-01;2474153943380640;155167824;152961639;2206185;6436420;87532
OF1;512;CauchyDensity;10-02;4918534491639738;106912242;103662819;3249423;9541982;59454
OF1;512;CauchyDensity;10-05;1664803752167031;69321632;67191195;2130437;5969185;38008
OF1;512;CauchyDensity;10-06;834110558062391;80118374;78185682;1932692;5388403;34522
OF1;512;CauchyDensity;10-07;2854020063032213;134992326;131611260;3381066;9270461;87238
OF1;512;CauchyDensity;10-09;1172387290861123;130501591;127834636;2666955;4830121;42943
OF1;512;ClassicImages;01-05;801538713380346;43038125;41363895;1674230;4359783;19454
OF1;512;ClassicImages;01-06;1193343255870043;27367365;26378275;989090;5644368;20400
OF1;512;ClassicImages;01-07;953341923315447;51679473;49598605;2080868;4537892;29013
OF1;512;ClassicImages;01-09;1399772138401956;54554584;52293913;2260671;5024846;27330
OF1;512;ClassicImages;02-01;845284705081040;23859019;22879466;979553;4897357;21332
OF1;512;ClassicImages;02-05;367647506773462;25216439;23765984;1450455;3687002;14089
OF1;512;ClassicImages;02-06;428357335459407;23517584;22862619;654965;3755075;12219
OF1;512;ClassicImages;02-07;419779788781207;41864954;40609586;1255368;3858056;20236
OF1;512;ClassicImages;02-09;1040960135504427;37117221;35723915;1393306;4712309;19583
OF1;512;ClassicImages;03-01;945304620962484;37589303;36618370;970933;4845727;27398
OF1;512;ClassicImages;03-02;656700629117476;78298424;76315504;1982920;4097151;19651
OF1;512;ClassicImages;03-04;543482706489018;66570324;61039648;5530676;4106970;34039
OF1;512;ClassicImages;03-05;611744318132323;38283127;36771878;1511249;4325497;26576
OF1;512;ClassicImages;03-06;747937025558293;28985382;27516418;1468964;4551311;17157
OF1;512;ClassicImages;03-07;798685420121309;102034133;99085516;2948617;4243240;27913
OF1;512;ClassicImages;03-09;1232894659663835;64836244;63235605;1600639;4562977;20613
OF1;512;ClassicImages;03-10;1029099214805081;47759493;46007822;1751671;4671567;24694
OF1;512;ClassicImages;04-01;695559580023275;29402942;28430576;972366;4220952;17270
OF1;512;ClassicImages;04-02;363238715872057;45717670;44322213;1395457;3791743;24594
OF1;512;ClassicImages;04-05;443756360921722;30297629;29027784;1269845;3723474;16887
OF1;512;ClassicImages;04-06;663048399187689;34899884;33995725;904159;4371511;18174
OF1;512;ClassicImages;04-07;620009953155451;39633151;38216138;1417013;4124410;22300
OF1;512;ClassicImages;04-09;1177612595481873;62855483;60953456;1902027;4548775;26486
OF1;512;ClassicImages;04-10;915157089800642;57586304;56221308;1364996;4669312;31082
OF1;512;ClassicImages;05-06;562340967743942;30447456;29602927;844529;4109808;16697
OF1;512;ClassicImages;05-07;427233141710094;59063536;57824650;1238886;3677996;17502
OF1;512;ClassicImages;05-09;976730973975922;53270945;51477794;1793151;4264684;23098
OF1;512;ClassicImages;07-06;540671595184199;22964985;22333061;631924;4060589;18103
OF1;512;ClassicImages;08-01;762194140155212;35346427;34323491;1022936;4323283;30384
OF1;512;ClassicImages;08-02;480677408666509;48928610;47624202;1304408;4075819;25371
OF1;512;ClassicImages;08-03;662152148066494;34179699;32922220;1257479;4047228;21807
OF1;512;ClassicImages;08-04;455610310686717;30245250;29203169;1042081;3686913;15012
OF1;512;ClassicImages;08-05;576714123020203;32462135;31173340;1288795;3893374;17429
OF1;512;ClassicImages;08-06;641293333545305;46225604;45161932;1063672;4313697;16667
OF1;512;ClassicImages;08-07;609023830334582;37531801;35998935;1532866;3987211;21302
OF1;512;ClassicImages;08-09;1370846707546507;64603802;62349037;2254765;5154880;25259
OF1;512;ClassicImages;08-10;775560284208438;58936832;57103710;1833122;4369356;28772
OF1;512;ClassicImages;09-06;1033258862477668;56409306;54943291;1466015;5433047;30722
OF1;512;ClassicImages;09-07;937590438041905;65588942;63968897;1620045;4423355;20334
OF1;512;ClassicImages;10-01;1188231462191354;45637478;44481157;1156321;4993853;32351
OF1;512;ClassicImages;10-02;703012602877851;34338016;32752665;1585351;4270737;19754
OF1;512;ClassicImages;10-05;890539926177556;38151584;36918605;1232979;4697290;21785
OF1;512;ClassicImages;10-06;695606590510474;52246993;50670449;1576544;4292331;22388
OF1;512;ClassicImages;10-07;768181226315849;50279629;49204496;1075133;4773186;34939
OF1;512;ClassicImages;10-09;1511858397038490;72402103;70604775;1797328;5954248;39028
OF1;512;GRFmoderate;01-05;679723794279430;59839317;57961372;1877945;4382804;27029
OF1;512;GRFmoderate;01-06;599375580552526;88809450;86925947;1883503;4408448;33937
OF1;512;GRFmoderate;01-07;613431061791797;36098041;34731338;1366703;4460889;18821
OF1;512;GRFmoderate;01-09;623098562025095;33888507;32804269;1084238;4308261;23763
OF1;512;GRFmoderate;02-01;1046543835678737;63226958;61835790;1391168;4876238;25780
OF1;512;GRFmoderate;02-05;793683245013276;63235314;61712039;1523275;4422716;27900
OF1;512;GRFmoderate;02-06;894926153236520;57794962;56161615;1633347;4660762;24921
OF1;512;GRFmoderate;02-07;848461367403359;41612301;40440120;1172181;4935746;29037
OF1;512;GRFmoderate;02-09;915635127588087;145064413;143242652;1821761;4871738;51812
OF1;512;GRFmoderate;03-01;601137467746967;30837884;29750903;1086981;4334471;20485
OF1;512;GRFmoderate;03-02;1043411554744032;63932732;62029127;1903605;4900755;33230
OF1;512;GRFmoderate;03-04;520971424273531;60054182;58427212;1626970;4174217;29286
OF1;512;GRFmoderate;03-05;637986129934588;38594628;37357945;1236683;4195869;18578
OF1;512;GRFmoderate;03-06;682610696118531;63050264;61733248;1317016;4473630;26284
OF1;512;GRFmoderate;03-07;582575819822279;42679241;41504486;1174755;4140863;19571
OF1;512;GRFmoderate;03-09;636276220651462;34910901;33947806;963095;4267914;21006
OF1;512;GRFmoderate;03-10;555845605002389;42901615;41947474;954141;4187813;22102
OF1;512;GRFmoderate;04-01;672628431077751;46491700;44901822;1589878;4757280;28713
OF1;512;GRFmoderate;04-02;861327825345776;43369740;41598156;1771584;4834886;29115
OF1;512;GRFmoderate;04-05;654460508039126;46995997;45543950;1452047;4300595;23577
OF1;512;GRFmoderate;04-06;603401042418700;46931959;45621418;1310541;4615276;18114
OF1;512;GRFmoderate;04-07;484731418252818;42226144;39991955;2234189;4020922;16128
OF1;512;GRFmoderate;04-09;749482496183474;84345846;82116882;2228964;4523012;29078
OF1;512;GRFmoderate;04-10;411581435887160;42667092;41590952;1076140;4082765;20908
OF1;512;GRFmoderate;05-06;408791575542723;40088115;38649564;1438551;3850475;21816
OF1;512;GRFmoderate;05-07;426289495561927;110643232;109450081;1193151;3930728;34902
OF1;512;GRFmoderate;05-09;487954942776537;41187824;39991634;1196190;4025841;20392
OF1;512;GRFmoderate;07-06;514262715488708;48352919;46973383;1379536;4186162;22355
OF1;512;GRFmoderate;08-01;426854457226030;40367745;39325812;1041933;4125557;25927
OF1;512;GRFmoderate;08-02;770786996206944;56534875;54573796;1961079;4735926;29893
OF1;512;GRFmoderate;08-03;523249678947782;26687167;25352819;1334348;4205553;22869
OF1;512;GRFmoderate;08-04;501200696748487;44835515;43007999;1827516;4149202;18519
OF1;512;GRFmoderate;08-05;515541639200156;39593597;37436745;2156852;4235215;28583
OF1;512;GRFmoderate;08-06;462844242672499;36998443;35745435;1253008;3815696;16442
OF1;512;GRFmoderate;08-07;450323514068643;54294614;52996290;1298324;3991398;17113
OF1;512;GRFmoderate;08-09;523051543272098;49001184;47664211;1336973;4143284;20718
OF1;512;GRFmoderate;08-10;432341901159435;40228737;38848770;1379967;3990091;18708
OF1;512;GRFmoderate;09-06;656411512919207;36538862;35312530;1226332;4490578;28254
OF1;512;GRFmoderate;09-07;542001094481016;45257847;43178310;2079537;4263406;22453
OF1;512;GRFmoderate;10-01;650444812681182;34276502;32870947;1405555;4635832;23984
OF1;512;GRFmoderate;10-02;709723625190139;53127432;51761474;1365958;4756861;20393
OF1;512;GRFmoderate;10-05;514372562495199;43217360;42102511;1114849;4142129;20100
OF1;512;GRFmoderate;10-06;550190058117650;35753018;34620849;1132169;4485398;19790
OF1;512;GRFmoderate;10-07;475843570333862;50261344;48011970;2249374;4189775;29893
OF1;512;GRFmoderate;10-09;565813772878507;43365283;42047840;1317443;4097698;19117
OF1;512;GRFrough;01-05;256133007899593;71823695;70544167;1279528;3445805;18921
OF1;512;GRFrough;01-06;152125464799164;22194910;21032715;1162195;3057092;11672
OF1;512;GRFrough;01-07;257839676670702;12760142;12085206;674936;3546462;8824
OF1;512;GRFrough;01-09;256265665875963;28282438;27171241;1111197;3331292;12583
OF1;512;GRFrough;02-01;228414431851353;45812617;44712780;1099837;3448305;14635
OF1;512;GRFrough;02-05;170201381891810;28615012;27626436;988576;3079316;12822
OF1;512;GRFrough;02-06;199062291346280;35103901;33983494;1120407;3339706;16387
OF1;512;GRFrough;02-07;253904304741501;31946600;30576824;1369776;3291364;12883
OF1;512;GRFrough;02-09;156957116921300;21852626;20672136;1180490;3070208;9949
OF1;512;GRFrough;03-01;233029738518594;32453112;31600214;852898;3272153;13989
OF1;512;GRFrough;03-02;286883758200935;24030179;22735120;1295059;3419701;12495
OF1;512;GRFrough;03-04;304429257402860;32922066;32104692;817374;3678525;13880
OF1;512;GRFrough;03-05;319514286415132;42960648;41737879;1222769;3624126;17041
OF1;512;GRFrough;03-06;210173157815232;22861149;21897634;963515;3251985;11269
OF1;512;GRFrough;03-07;270106765733470;27646697;26593217;1053480;3538670;11189
OF1;512;GRFrough;03-09;335796925505136;21284290;20443467;840823;3659271;10936
OF1;512;GRFrough;03-10;314759560797314;40307660;39066984;1240676;3636874;16263
OF1;512;GRFrough;04-01;194188027064767;30240861;29297360;943501;3243591;13240
OF1;512;GRFrough;04-02;137053430502172;48206753;47181554;1025199;2920391;13803
OF1;512;GRFrough;04-05;160707662839625;30682505;29765400;917105;3062401;10995
OF1;512;GRFrough;04-06;187685756979535;21042585;20055827;986758;3203451;11434
OF1;512;GRFrough;04-07;245335790397442;24931605;23906018;1025587;3325543;11112
OF1;512;GRFrough;04-09;163801857051118;25431220;24115522;1315698;3111212;11934
OF1;512;GRFrough;04-10;274275166856067;25088583;24152143;936440;3431103;15959
OF1;512;GRFrough;05-06;246663543030313;62751369;61323203;1428166;3453058;16179
OF1;512;GRFrough;05-07;293234529493127;38777738;37570898;1206840;3611320;16537
OF1;512;GRFrough;05-09;170683380828390;25130054;24315923;814131;2999540;10577
OF1;512;GRFrough;07-06;208870123760689;16977907;16283304;694603;3271333;10448
OF1;512;GRFrough;08-01;208767644713149;23648448;22900206;748242;3208347;10823
OF1;512;GRFrough;08-02;194972526320281;24157189;23056672;1100517;3160084;11395
OF1;512;GRFrough;08-03;291026600245591;36453938;35600980;852958;3392044;11675
OF1;512;GRFrough;08-04;161994803106109;18714292;17759595;954697;3131316;10578
OF1;512;GRFrough;08-05;219286431871018;33065910;31970165;1095745;3266048;12746
OF1;512;GRFrough;08-06;214970340093209;50549130;49269875;1279255;3238983;12710
OF1;512;GRFrough;08-07;305842823390235;21957815;20713587;1244228;3659166;11648
OF1;512;GRFrough;08-09;194449971514738;24188218;23107100;1081118;3260077;10753
OF1;512;GRFrough;08-10;357066501907064;33361185;32155635;1205550;3839244;17392
OF1;512;GRFrough;09-06;235653678483682;30958881;30056551;902330;3357088;12274
OF1;512;GRFrough;09-07;282708774020790;35496782;34231577;1265205;3623582;15319
OF1;512;GRFrough;10-01;271340839326800;32991789;31593701;1398088;3425874;17493
OF1;512;GRFrough;10-02;321397544687800;32893908;31743144;1150764;3501651;13500
OF1;512;GRFrough;10-05;306118296012427;35627060;34089964;1537096;3372515;13889
OF1;512;GRFrough;10-06;249155605229135;30344315;29345331;998984;3407940;15082
OF1;512;GRFrough;10-07;233959532878275;44168547;43171372;997175;3424251;16174
OF1;512;GRFrough;10-09;365536574989494;23995163;22911093;1084070;3678488;13935
OF1;512;GRFsmooth;01-05;1520879975278739;70372553;68406220;1966333;6823495;63906
OF1;512;GRFsmooth;01-06;1602910955433267;82205779;79652107;2553672;6532142;46280
OF1;512;GRFsmooth;01-07;1482079200513794;64154705;61929772;2224933;5585931;35523
OF1;512;GRFsmooth;01-09;1039673374054075;43879173;42597214;1281959;4923147;23500
OF1;512;GRFsmooth;02-01;1402475458121166;98740050;96184565;2555485;4611427;40091
OF1;512;GRFsmooth;02-05;1454346882639752;58579104;56547266;2031838;6432987;40750
OF1;512;GRFsmooth;02-06;2775110061722794;90761718;88294303;2467415;8080149;47523
OF1;512;GRFsmooth;02-07;2473688795032584;72521642;69931332;2590310;6669867;40818
OF1;512;GRFsmooth;02-09;2162008842664423;99787708;96467247;3320461;6238564;41410
OF1;512;GRFsmooth;03-01;1274738766592383;47236681;45620771;1615910;5961210;29292
OF1;512;GRFsmooth;03-02;2287829583607788;93733974;91487245;2246729;7496458;46794
OF1;512;GRFsmooth;03-04;1516728055862791;61610421;59219106;2391315;6135631;47601
OF1;512;GRFsmooth;03-05;1522574652117952;84229125;81586419;2642706;5244250;45580
OF1;512;GRFsmooth;03-06;999995529849817;183536423;181765428;1770995;5617006;135151
OF1;512;GRFsmooth;03-07;626485208029732;33021783;31720133;1301650;4381751;16114
OF1;512;GRFsmooth;03-09;1265749238980939;38946628;37844197;1102431;5275872;28804
OF1;512;GRFsmooth;03-10;1357815581317597;96900745;95117875;1782870;5951672;51756
OF1;512;GRFsmooth;04-01;1063826881690473;53906839;52368333;1538506;5256147;35175
OF1;512;GRFsmooth;04-02;1733593866543283;91040228;88423722;2616506;6101994;38303
OF1;512;GRFsmooth;04-05;1919475430843353;92701882;90083218;2618664;7542876;64197
OF1;512;GRFsmooth;04-06;2044150545732659;97760213;95312680;2447533;7147352;63774
OF1;512;GRFsmooth;04-07;1454308096648988;69571632;67107684;2463948;6755671;43837
OF1;512;GRFsmooth;04-09;677508388464043;78103808;76016149;2087659;4593391;32539
OF1;512;GRFsmooth;04-10;2538934122236569;60392553;58871365;1521188;7759152;69967
OF1;512;GRFsmooth;05-06;1840289753103223;112322824;108103141;4219683;5231055;51468
OF1;512;GRFsmooth;05-07;1825787993005488;81482546;78822167;2660379;6206175;47533
OF1;512;GRFsmooth;05-09;2119803641770496;182176550;178318357;3858193;8087172;105745
OF1;512;GRFsmooth;07-06;1176050032860829;59570118;57889401;1680717;5291732;33319
OF1;512;GRFsmooth;08-01;1354527254310036;61732492;59843198;1889294;5787469;36199
OF1;512;GRFsmooth;08-02;2343521319052971;137500588;135114844;2385744;7236577;75769
OF1;512;GRFsmooth;08-03;1595900958732760;55892475;54408948;1483527;6581375;45695
OF1;512;GRFsmooth;08-04;838382756836158;75587929;73118755;2469174;4664949;29177
OF1;512;GRFsmooth;08-05;2493522653232731;172981267;169702706;3278561;8301659;103628
OF1;512;GRFsmooth;08-06;1924978516776573;57083001;55413618;1669383;6372612;46708
OF1;512;GRFsmooth;08-07;1501267050245467;73826250;72627167;1199083;6070828;46139
OF1;512;GRFsmooth;08-09;647041556279304;47599393;45388578;2210815;4708213;53720
OF1;512;GRFsmooth;08-10;2815241304447323;56171482;54183143;1988339;7581451;63277
OF1;512;GRFsmooth;09-06;1592481281184131;79596083;77654825;1941258;5961508;53658
OF1;512;GRFsmooth;09-07;1167278904756927;54829521;53538686;1290835;5918082;42734
OF1;512;GRFsmooth;10-01;2142134234198505;89965993;88300386;1665607;7155721;56474
OF1;512;GRFsmooth;10-02;2826300169875508;124866986;122014211;2852775;8300358;87546
OF1;512;GRFsmooth;10-05;1488300295253170;73134401;71380226;1754175;6586110;45456
OF1;512;GRFsmooth;10-06;1397365475291430;83166198;80787021;2379177;6740424;47612
OF1;512;GRFsmooth;10-07;1571546002959264;75966165;73610985;2355180;5867488;38599
OF1;512;GRFsmooth;10-09;2439779142906401;62681322;61296354;1384968;7013688;58293
OF1;512;LogGRF;01-05;2308986992390740;60294978;58351615;1943363;5715935;36901
OF1;512;LogGRF;01-06;2086618736760699;68896184;66757654;2138530;5471471;35821
OF1;512;LogGRF;01-07;2645244335803380;61497727;59991218;1506509;5711605;41666
OF1;512;LogGRF;01-09;2693243373267304;87462455;84692682;2769773;6772569;71591
OF1;512;LogGRF;02-01;2229215641521500;74985954;72228391;2757563;5403317;36269
OF1;512;LogGRF;02-05;2435417833415401;71925427;70188242;1737185;6572677;40303
OF1;512;LogGRF;02-06;3349829346758787;103189494;100876762;2312732;6216317;42894
OF1;512;LogGRF;02-07;2089709512646938;107894011;103502939;4391072;6478746;72768
OF1;512;LogGRF;02-09;3037360600037727;67365481;65343839;2021642;6920161;36189
OF1;512;LogGRF;03-01;1945394696337951;51980896;50181394;1799502;5362436;25349
OF1;512;LogGRF;03-02;3128714053882446;73429008;71504730;1924278;6178234;38709
OF1;512;LogGRF;03-04;1695855895333650;55432981;53625018;1807963;5630716;34116
OF1;512;LogGRF;03-05;1996175987890921;46732930;45222236;1510694;5407180;37700
OF1;512;LogGRF;03-06;1712854624701705;32186300;30950005;1236295;4997536;24403
OF1;512;LogGRF;03-07;3096008084715378;72062849;70100600;1962249;6704738;44925
OF1;512;LogGRF;03-09;1815719685900890;53255311;51818361;1436950;5230066;35735
OF1;512;LogGRF;03-10;3124487323395071;62503415;60805289;1698126;6401437;45515
OF1;512;LogGRF;04-01;2996809015186875;73660298;71908610;1751688;6637861;49519
OF1;512;LogGRF;04-02;4037406658574609;65028819;62743533;2285286;6109435;33500
OF1;512;LogGRF;04-05;2220966733869825;46441224;44011757;2429467;5976977;39642
OF1;512;LogGRF;04-06;1232887035795375;60251568;58751986;1499582;5169554;36980
OF1;512;LogGRF;04-07;3498289696112928;105028266;102413164;2615102;7177740;63740
OF1;512;LogGRF;04-09;1590893262090300;91024193;88539369;2484824;6398573;58598
OF1;512;LogGRF;04-10;2548317500476529;55729453;54379044;1350409;5963116;39804
OF1;512;LogGRF;05-06;2120226988361226;61051774;59590842;1460932;6068726;43620
OF1;512;LogGRF;05-07;2109258456073458;60752370;59326215;1426155;6297497;52367
OF1;512;LogGRF;05-09;1382603122404058;45541730;43929930;1611800;5036943;35072
OF1;512;LogGRF;07-06;2903546912466842;122953520;120334725;2618795;6783082;86503
OF1;512;LogGRF;08-01;1631149530182631;53959235;52342513;1616722;4432422;29431
OF1;512;LogGRF;08-02;1511016463412304;72825962;70891717;1934245;4876598;34439
OF1;512;LogGRF;08-03;2089771154886697;65695847;64238643;1457204;5864241;35206
OF1;512;LogGRF;08-04;2868377728149583;88110636;85727569;2383067;5362954;30876
OF1;512;LogGRF;08-05;1530865400069947;52056663;50516549;1540114;5840925;35351
OF1;512;LogGRF;08-06;2172330743559195;51149134;49414289;1734845;5631495;32624
OF1;512;LogGRF;08-07;1643072460630975;29885266;28907752;977514;4995050;22982
OF1;512;LogGRF;08-09;1961670343466078;61708590;60358802;1349788;6442748;33674
OF1;512;LogGRF;08-10;3467416318900741;77694887;75899778;1795109;7756762;53191
OF1;512;LogGRF;09-06;1521458489536898;35409843;34233861;1175982;5228853;29724
OF1;512;LogGRF;09-07;2105986472104078;46996064;45410967;1585097;5949445;25468
OF1;512;LogGRF;10-01;4238337771792607;122804558;120224640;2579918;7333941;96990
OF1;512;LogGRF;10-02;4497115378782746;151941984;148375374;3566610;8025064;84602
OF1;512;LogGRF;10-05;2640871648530694;57126597;55498727;1627870;5715986;38001
OF1;512;LogGRF;10-06;2880988121382670;49039112;47852066;1187046;5841467;41816
OF1;512;LogGRF;10-07;3246827619330614;138431810;134380555;4051255;7508538;93528
OF1;512;LogGRF;10-09;1883208054091999;47361457;45931002;1430455;5540510;33849
OF1;512;LogitGRF;01-05;1872227921292434;95329784;93209253;2120531;6631817;63309
OF1;512;LogitGRF;01-06;1433428195264098;74882567;72210869;2671698;5217232;50798
OF1;512;LogitGRF;01-07;817006913419597;103892128;101216827;2675301;4149300;55429
OF1;512;LogitGRF;01-09;1202993638389664;62985696;61368452;1617244;5285594;53146
OF1;512;LogitGRF;02-01;1455916259034706;56200685;54555336;1645349;5737089;38468
OF1;512;LogitGRF;02-05;846596743407382;36033193;34520088;1513105;4266850;20571
OF1;512;LogitGRF;02-06;983397971657819;69297292;67332084;1965208;4905832;33271
OF1;512;LogitGRF;02-07;1352977530123335;36146948;34762745;1384203;5149284;34723
OF1;512;LogitGRF;02-09;1197479746546764;65691707;63972361;1719346;5137933;25253
OF1;512;LogitGRF;03-01;1001795412056512;44114786;42609802;1504984;5115976;36345
OF1;512;LogitGRF;03-02;1057237939918359;50108104;48746770;1361334;4854390;29494
OF1;512;LogitGRF;03-04;1168374322992612;36270783;34871426;1399357;5039482;32407
OF1;512;LogitGRF;03-05;1550198813533072;79217923;77074668;2143255;5850460;47668
OF1;512;LogitGRF;03-06;1166340179895154;56031819;53838164;2193655;4817852;32484
OF1;512;LogitGRF;03-07;825553674001136;31620742;29859088;1761654;4230590;21554
OF1;512;LogitGRF;03-09;945744917746280;39352521;37987549;1364972;4438235;28411
OF1;512;LogitGRF;03-10;1554654330295773;61529497;59283390;2246107;5397358;40710
OF1;512;LogitGRF;04-01;1421991835737476;50242547;48943409;1299138;5774025;36063
OF1;512;LogitGRF;04-02;670125924475019;58542286;57371882;1170404;4423145;30579
OF1;512;LogitGRF;04-05;979516602737808;78788832;76957680;1831152;4900995;43614
OF1;512;LogitGRF;04-06;1155475103532624;46545375;44499853;2045522;4732375;28530
OF1;512;LogitGRF;04-07;1396479197632950;36289516;34847801;1441715;4663925;29145
OF1;512;LogitGRF;04-09;1364107133968956;79263126;77157095;2106031;5457890;66640
OF1;512;LogitGRF;04-10;1405114548979710;67847252;66171065;1676187;5233470;49151
OF1;512;LogitGRF;05-06;1114815197499333;58511611;57356504;1155107;4520608;27885
OF1;512;LogitGRF;05-07;1596935038425510;65620660;63414490;2206170;5752819;42067
OF1;512;LogitGRF;05-09;1750702793345526;60598840;58686202;1912638;5435109;32349
OF1;512;LogitGRF;07-06;1205693987293638;50186667;48686306;1500361;4902360;31458
OF1;512;LogitGRF;08-01;1511723086105364;56460826;54966825;1494001;5578037;42179
OF1;512;LogitGRF;08-02;912222613359522;56988420;55518988;1469432;4272253;27594
OF1;512;LogitGRF;08-03;1020826262232444;44043316;42514315;1529001;4816438;28204
OF1;512;LogitGRF;08-04;1179366459407823;54595631;52612306;1983325;4601611;24417
OF1;512;LogitGRF;08-05;1518351008536271;59055450;56872178;2183272;5003621;29071
OF1;512;LogitGRF;08-06;1091180569748553;68069523;66421847;1647676;5054353;33026
OF1;512;LogitGRF;08-07;1402131614676128;46341186;44960603;1380583;5573603;35613
OF1;512;LogitGRF;08-09;985087022866599;39359772;38074893;1284879;4689195;23824
OF1;512;LogitGRF;08-10;1146374406859496;69710664;67344514;2366150;4972042;42735
OF1;512;LogitGRF;09-06;1036943169897174;62885727;61163636;1722091;4628127;31180
OF1;512;LogitGRF;09-07;1098730468874014;35850279;34736985;1113294;4941512;26754
OF1;512;LogitGRF;10-01;1810791980923124;66422174;64763252;1658922;5606756;46570
OF1;512;LogitGRF;10-02;1075154808223533;63949963;62386419;1563544;4850823;30113
OF1;512;LogitGRF;10-05;1311312425274122;90324943;88258803;2066140;4715597;37687
OF1;512;LogitGRF;10-06;825366446313214;39312644;38168668;1143976;4586211;25032
OF1;512;LogitGRF;10-07;1753240604985479;64968217;62846271;2121946;5091644;39520
OF1;512;LogitGRF;10-09;1450962486180640;81454472;79195002;2259470;5286153;34603
OF1;512;MicroscopyImages;01-05;2490108762263365;12596613;11189121;1407492;2169976;14948
OF1;512;MicroscopyImages;01-06;2456276336932977;19823693;18447746;1375947;2971539;14321
OF1;512;MicroscopyImages;01-07;3378766409628667;7751921;6773351;978570;2289620;15716
OF1;512;MicroscopyImages;01-09;3693943138096495;9092199;8096123;996076;1832123;13071
OF1;512;MicroscopyImages;02-01;428017526252203;24434698;22984905;1449793;2478435;15494
OF1;512;MicroscopyImages;02-05;2144615974113647;25165268;23526136;1639132;2838667;13718
OF1;512;MicroscopyImages;02-06;2098471480217224;34530638;33096179;1434459;3513101;18003
OF1;512;MicroscopyImages;02-07;3063470665579293;13842595;12789767;1052828;2931308;23086
OF1;512;MicroscopyImages;02-09;3305653080446088;18432610;17019766;1412844;2438204;19260
OF1;512;MicroscopyImages;03-01;1862544566887947;6257317;5587937;669380;1650794;13250
OF1;512;MicroscopyImages;03-02;1611466079904894;11553466;10835806;717660;2083370;14464
OF1;512;MicroscopyImages;03-04;617825254038086;11727904;10999714;728190;1852032;9746
OF1;512;MicroscopyImages;03-05;2146482728493519;7722233;6628002;1094231;1949408;13887
OF1;512;MicroscopyImages;03-06;2097125780766419;10963583;10109162;854421;2502240;16250
OF1;512;MicroscopyImages;03-07;2414582424004175;5739411;5054177;685234;1226714;13679
OF1;512;MicroscopyImages;03-09;3221100494731221;4652304;3900758;751546;1504958;12529
OF1;512;MicroscopyImages;03-10;3061579329170772;10882624;9938714;943910;2414814;16340
OF1;512;MicroscopyImages;04-01;1967587244719168;15335948;14421598;914350;2652315;15089
OF1;512;MicroscopyImages;04-02;1637051512625474;22252617;21173304;1079313;3322797;18566
OF1;512;MicroscopyImages;04-05;1744837210953420;16643022;14742715;1900307;2708546;16530
OF1;512;MicroscopyImages;04-06;1686632325754693;55330514;53063184;2267330;3502709;26553
OF1;512;MicroscopyImages;04-07;2117693033776681;12522064;11462661;1059403;1927261;16791
OF1;512;MicroscopyImages;04-09;2732440832884511;12607537;11670524;937013;2236098;15409
OF1;512;MicroscopyImages;04-10;2544900627633519;18181726;17230599;951127;3272965;19680
OF1;512;MicroscopyImages;05-06;149203743781074;11123544;10205145;918399;1917288;9861
OF1;512;MicroscopyImages;05-07;1729194461687584;7492881;6825016;667865;1664574;14515
OF1;512;MicroscopyImages;05-09;1620235971588394;9939605;9257829;681776;1627285;11453
OF1;512;MicroscopyImages;07-06;1725086087501201;9825748;9264354;561394;2262836;15421
OF1;512;MicroscopyImages;08-01;3051117965607716;17586000;16651421;934579;3139685;25166
OF1;512;MicroscopyImages;08-02;2716480295360644;30206126;28719182;1486944;4246291;31272
OF1;512;MicroscopyImages;08-03;2158640382041613;9262097;8308402;953695;1796356;13890
OF1;512;MicroscopyImages;08-04;1808395943038632;32126650;30416898;1709752;2488715;20092
OF1;512;MicroscopyImages;08-05;1434702289711611;11257792;9881667;1376125;2321432;15994
OF1;512;MicroscopyImages;08-06;1410525343750549;11664661;10493416;1171245;3002896;13777
OF1;512;MicroscopyImages;08-07;433183358144051;5413208;4874071;539137;1601853;9697
OF1;512;MicroscopyImages;08-09;1883999403393657;14860807;13934088;926719;2167691;16149
OF1;512;MicroscopyImages;08-10;1847199942232835;42914237;39789245;3124992;3091979;25660
OF1;512;MicroscopyImages;09-06;1582874440888934;10116749;8719075;1397674;2093346;12153
OF1;512;MicroscopyImages;09-07;2060405146441112;4055261;3528780;526481;1324796;10657
OF1;512;MicroscopyImages;10-01;3428994738406322;30936521;29430081;1506440;2552478;18142
OF1;512;MicroscopyImages;10-02;3039752928142161;28320179;26038472;2281707;3088406;19863
OF1;512;MicroscopyImages;10-05;1492143175547390;16606343;15505015;1101328;2326206;18048
OF1;512;MicroscopyImages;10-06;1443462967022228;19909663;18826724;1082939;2834258;18240
OF1;512;MicroscopyImages;10-07;2082513838410983;7363503;6542511;820992;2058582;15201
OF1;512;MicroscopyImages;10-09;356297788588343;9035932;7632336;1403596;1668442;7540
OF1;512;Shapes;01-05;1031293822917482;13726068;13155161;570907;3745844;12248
OF1;512;Shapes;01-06;2500995636600000;37718487;37039834;678653;5809402;37703
OF1;512;Shapes;01-07;1747379111609371;24979146;24223278;755868;4510633;22810
OF1;512;Shapes;01-09;926630730400000;17574930;16823844;751086;3597766;14792
OF1;512;Shapes;02-01;1925673620528000;14254101;13711073;543028;3781280;13991
OF1;512;Shapes;02-05;2277389404101986;6237915;5959450;278465;2095680;11119
OF1;512;Shapes;02-06;2361580439072000;7220570;6904347;316223;2305386;21201
OF1;512;Shapes;02-07;1837645553498845;7899125;7600736;298389;2921905;14665
OF1;512;Shapes;02-09;2100194957360000;8383995;8087647;296348;2197547;16137
OF1;512;Shapes;03-01;332308325200000;28247927;27794317;453610;4228634;10413
OF1;512;Shapes;03-02;1932130297536000;8422435;8136156;286279;2064877;12432
OF1;512;Shapes;03-04;1368167012299502;6644262;6351569;292693;2151039;12724
OF1;512;Shapes;03-05;1058786346977515;6110227;5834337;275890;1674323;12169
OF1;512;Shapes;03-06;2508721851800000;10988298;10567097;421201;3454544;24436
OF1;512;Shapes;03-07;1769922385837677;9328979;8978409;350570;2594009;18510
OF1;512;Shapes;03-09;953268780400000;4863817;4655156;208661;2001716;6089
OF1;512;Shapes;03-10;663593130329254;12380801;12035842;344959;1555738;12815
OF1;512;Shapes;04-01;1350212769472437;29537212;28802013;735199;4044132;20307
OF1;512;Shapes;04-02;630063571238074;5337740;5058725;279015;1779878;9175
OF1;512;Shapes;04-05;1677532597832648;6359603;6058221;301382;2538539;9230
OF1;512;Shapes;04-06;2264491285292556;10182882;9778874;404008;2894286;23742
OF1;512;Shapes;04-07;1655991463736446;19078491;18471568;606923;3388896;28160
OF1;512;Shapes;04-09;1639589479518007;13366659;12941449;425210;2304211;20967
OF1;512;Shapes;04-10;1619072374396877;18797931;18288371;509560;2163951;29647
OF1;512;Shapes;05-06;2632438448269593;6141242;5801341;339901;2850290;14720
OF1;512;Shapes;05-07;2030737266985850;9169535;8815145;354390;2639705;15723
OF1;512;Shapes;05-09;1403983510385793;17234564;16549071;685493;1980601;18569
OF1;512;Shapes;07-06;3895858439078612;21527123;20996239;530884;3516447;39309
OF1;512;Shapes;08-01;1417510184769095;8828547;8479638;348909;3116774;18578
OF1;512;Shapes;08-02;912269413710612;3752043;3479846;272197;1293997;10550
OF1;512;Shapes;08-03;1433628078727188;5146448;4858745;287703;1627453;13874
OF1;512;Shapes;08-04;585516817979019;5304541;5036177;268364;1621769;7167
OF1;512;Shapes;08-05;1516312299555137;3922417;3712471;209946;1675463;8244
OF1;512;Shapes;08-06;2359155556345558;9918048;9648929;269119;1975058;20917
OF1;512;Shapes;08-07;1732663316328021;8404944;8103428;301516;2631481;39965
OF1;512;Shapes;08-09;1685006765054292;7716638;7269318;447320;1676613;14257
OF1;512;Shapes;08-10;1758684619621651;4663585;4436682;226903;1657110;13281
OF1;512;Shapes;09-06;2595826843600000;9748182;9391207;356975;3661392;21755
OF1;512;Shapes;09-07;1954039801085350;10842911;10161914;680997;2763066;22742
OF1;512;Shapes;10-01;588544180736445;25546800;24936890;609910;3084185;14764
OF1;512;Shapes;10-02;2199636093964495;9122041;8736280;385761;2153573;15044
OF1;512;Shapes;10-05;1113463630358723;7441159;6947445;493714;1778629;8879
OF1;512;Shapes;10-06;2579708386547757;9098508;8690541;407967;2780546;19539
OF1;512;Shapes;10-07;1907636046980745;14954624;14418373;536251;2808604;26335
OF1;512;Shapes;10-09;1096932866935241;12348239;12016927;331312;1880934;15795
OF1;512;WhiteNoise;01-05;19289580092135;8784526;8334391;450135;1182848;4878
OF1;512;WhiteNoise;01-06;20562186689095;9522937;8973451;549486;1248362;4995
OF1;512;WhiteNoise;01-07;18937179206540;11489697;10910376;579321;1156557;4785
OF1;512;WhiteNoise;01-09;19672575563640;9313749;8829668;484081;1179605;4443
OF1;512;WhiteNoise;02-01;20492443557270;11740028;11179954;560074;1219080;4887
OF1;512;WhiteNoise;02-05;20947426551203;12700036;12053773;646263;1242373;5628
OF1;512;WhiteNoise;02-06;21171248952737;13439015;12812611;626404;1234016;5581
OF1;512;WhiteNoise;02-07;21282181320135;14547625;13942627;604998;1258687;5896
OF1;512;WhiteNoise;02-09;21594830465492;10284750;9789318;495432;1277575;5351
OF1;512;WhiteNoise;03-01;22280497163988;11551371;11057348;494023;1301946;5738
OF1;512;WhiteNoise;03-02;20231621476065;12639940;12012320;627620;1203609;5357
OF1;512;WhiteNoise;03-04;21989992754025;10283571;9833751;449820;1301105;5762
OF1;512;WhiteNoise;03-05;19761508553399;14208643;13639070;569573;1192241;5075
OF1;512;WhiteNoise;03-06;20717104844697;11550193;10916215;633978;1204493;4898
OF1;512;WhiteNoise;03-07;21307540570457;11067808;10543459;524349;1267837;5541
OF1;512;WhiteNoise;03-09;25068025938627;9335956;8868064;467892;1444964;5439
OF1;512;WhiteNoise;03-10;19733628563877;10746845;10273020;473825;1197423;4851
OF1;512;WhiteNoise;04-01;18992186205491;12593937;11989647;604290;1153545;4806
OF1;512;WhiteNoise;04-02;21385364718945;11572867;10951421;621446;1251054;4793
OF1;512;WhiteNoise;04-05;21971910467814;11265520;10707834;557686;1310678;6166
OF1;512;WhiteNoise;04-06;21732462269074;8820098;8329917;490181;1285528;5010
OF1;512;WhiteNoise;04-07;18330896654551;9750218;9171385;578833;1134825;4660
OF1;512;WhiteNoise;04-09;20932715690597;11397028;10825298;571730;1235809;5014
OF1;512;WhiteNoise;04-10;19986308653517;15348515;14759523;588992;1190365;4869
OF1;512;WhiteNoise;05-06;19635198715951;11841450;11238791;602659;1183057;4860
OF1;512;WhiteNoise;05-07;20062259921099;12396276;11859497;536779;1198719;4606
OF1;512;WhiteNoise;05-09;24168444550397;9165763;8688768;476995;1415715;5677
OF1;512;WhiteNoise;07-06;19684536012842;8587156;8104352;482804;1189354;5163
OF1;512;WhiteNoise;08-01;18121500716955;12887665;12324268;563397;1102110;4791
OF1;512;WhiteNoise;08-02;21640697868775;14193089;13631335;561754;1270022;5581
OF1;512;WhiteNoise;08-03;21023476123959;12898109;12374800;523309;1260290;5659
OF1;512;WhiteNoise;08-04;18375018096729;9731137;9156844;574293;1133797;4658
OF1;512;WhiteNoise;08-05;20086043085946;11566281;11074377;491904;1217420;5710
OF1;512;WhiteNoise;08-06;20296950286903;9025190;8536921;488269;1207980;4729
OF1;512;WhiteNoise;08-07;18367518289454;10523375;9882780;640595;1114458;4275
OF1;512;WhiteNoise;08-09;22051398718249;14976794;14367488;609306;1298540;6052
OF1;512;WhiteNoise;08-10;19308215153226;15098311;14432380;665931;1163518;4891
OF1;512;WhiteNoise;09-06;26136743828643;11779008;11221499;557509;1532093;7244
OF1;512;WhiteNoise;09-07;22192126501531;12297365;11780058;517307;1318242;5914
OF1;512;WhiteNoise;10-01;19730371336915;14275797;13666447;609350;1169241;4899
OF1;512;WhiteNoise;10-02;20049082657232;12847961;12243714;604247;1196284;4660
OF1;512;WhiteNoise;10-05;20372431665696;12389762;11798393;591369;1222968;5587
OF1;512;WhiteNoise;10-06;21859745246135;12579597;12093295;486302;1281867;5801
OF1;512;WhiteNoise;10-07;18939470323674;14413545;13884798;528747;1148311;5140
OF1;512;WhiteNoise;10-09;21927295319207;12440850;11928045;512805;1295107;5848
